[
  {
    "id": "1",
    "collectionId": "march8",
    "image": "/images/stories/march8-1.jpg",
    "title": "8 Марта",
    "subtitle": "Весенние букеты",
    "gradient": "linear-gradient(135deg, rgba(244, 213, 224, 0.9) 0%, rgba(197, 165, 184, 0.9) 100%)"
  },
  {
    "id": "2",
    "collectionId": "march8",
    "image": "/images/stories/march8-2.jpg",
    "title": "Тюльпаны",
    "subtitle": "Из Голландии",
    "gradient": "linear-gradient(135deg, rgba(255, 228, 196, 0.9) 0%, rgba(255, 192, 203, 0.9) 100%)"
  },
  {
    "id": "3",
    "collectionId": "march8",
    "image": "/images/stories/march8-3.jpg",
    "title": "Мимозы",
    "subtitle": "Символ весны",
    "gradient": "linear-gradient(135deg, rgba(255, 250, 205, 0.9) 0%, rgba(255, 239, 213, 0.9) 100%)"
  },
  {
    "id": "4",
    "collectionId": "wedding",
    "image": "/images/stories/wedding-1.jpg",
    "title": "Свадьбы",
    "subtitle": "Букет невесты",
    "gradient": "linear-gradient(135deg, rgba(255, 255, 255, 0.95) 0%, rgba(249, 247, 245, 0.95) 100%)"
  },
  {
    "id": "5",
    "collectionId": "wedding",
    "image": "/images/stories/wedding-2.jpg",
    "title": "Арки",
    "subtitle": "Цветочное оформление",
    "gradient": "linear-gradient(135deg, rgba(249, 247, 245, 0.9) 0%, rgba(232, 191, 211, 0.9) 100%)"
  },
  {
    "id": "6",
    "collectionId": "minimal",
    "image": "/images/stories/minimal-1.jpg",
    "title": "Минимализм",
    "subtitle": "Утонченная простота",
    "gradient": "linear-gradient(135deg, rgba(245, 245, 245, 0.95) 0%, rgba(220, 220, 220, 0.95) 100%)"
  },
  {
    "id": "7",
    "collectionId": "minimal",
    "image": "/images/stories/minimal-2.jpg",
    "title": "Монобукеты",
    "subtitle": "Один цветок, много эмоций",
    "gradient": "linear-gradient(135deg, rgba(255, 255, 255, 0.9) 0%, rgba(139, 158, 136, 0.2) 100%)"
  },
  {
    "id": "8",
    "collectionId": "birthday",
    "image": "/images/stories/birthday-1.jpg",
    "title": "Дни рождения",
    "subtitle": "Яркие эмоции",
    "gradient": "linear-gradient(135deg, rgba(255, 182, 193, 0.9) 0%, rgba(255, 160, 122, 0.9) 100%)"
  },
  {
    "id": "9",
    "collectionId": "birthday",
    "image": "/images/stories/birthday-2.jpg",
    "title": "С шарами",
    "subtitle": "Праздничный набор",
    "gradient": "linear-gradient(135deg, rgba(255, 240, 245, 0.9) 0%, rgba(255, 192, 203, 0.9) 100%)"
  },
  {
    "id": "10",
    "collectionId": "just-because",
    "image": "/images/stories/just-because-1.jpg",
    "title": "Просто так",
    "subtitle": "Без повода",
    "gradient": "linear-gradient(135deg, rgba(249, 247, 245, 0.9) 0%, rgba(197, 165, 184, 0.9) 100%)"
  },
  {
    "id": "11",
    "collectionId": "luxury",
    "image": "/images/stories/luxury-1.jpg",
    "title": "Премиум",
    "subtitle": "Элитные букеты",
    "gradient": "linear-gradient(135deg, rgba(25, 25, 25, 0.8) 0%, rgba(58, 46, 42, 0.9) 100%)"
  },
  {
    "id": "12",
    "collectionId": "luxury",
    "image": "/images/stories/luxury-2.jpg",
    "title": "101 роза",
    "subtitle": "Грандиозный подарок",
    "gradient": "linear-gradient(135deg, rgba(139, 0, 0, 0.8) 0%, rgba(255, 20, 147, 0.8) 100%)"
  }
]
